array,input_name,base_name,canonical_name,par,tim,canonical_error
NG15,B1855+09,B1855+09,J1857+0943,参考研究课题-PTA引力波/data/nanograv_15yr/NANOGrav15yr_PulsarTiming_v2.1.0/narrowband/par/B1855+09_PINT_20220301.nb.par,参考研究课题-PTA引力波/data/nanograv_15yr/NANOGrav15yr_PulsarTiming_v2.1.0/narrowband/tim/B1855+09_PINT_20220301.nb.tim,
NG15,B1937+21,B1937+21,J1939+2134,参考研究课题-PTA引力波/data/nanograv_15yr/NANOGrav15yr_PulsarTiming_v2.1.0/narrowband/par/B1937+21_PINT_20220306.nb.par,参考研究课题-PTA引力波/data/nanograv_15yr/NANOGrav15yr_PulsarTiming_v2.1.0/narrowband/tim/B1937+21_PINT_20220306.nb.tim,
NG15,B1953+29,B1953+29,J1955+2908,参考研究课题-PTA引力波/data/nanograv_15yr/NANOGrav15yr_PulsarTiming_v2.1.0/narrowband/par/B1953+29_PINT_20220301.nb.par,参考研究课题-PTA引力波/data/nanograv_15yr/NANOGrav15yr_PulsarTiming_v2.1.0/narrowband/tim/B1953+29_PINT_20220301.nb.tim,
NG15,J0023+0923,J0023+0923,J0023+0923,参考研究课题-PTA引力波/data/nanograv_15yr/NANOGrav15yr_PulsarTiming_v2.1.0/narrowband/par/J0023+0923_PINT_20220301.nb.par,参考研究课题-PTA引力波/data/nanograv_15yr/NANOGrav15yr_PulsarTiming_v2.1.0/narrowband/tim/J0023+0923_PINT_20220301.nb.tim,
NG15,J0030+0451,J0030+0451,J0030+0451,参考研究课题-PTA引力波/data/nanograv_15yr/NANOGrav15yr_PulsarTiming_v2.1.0/narrowband/par/J0030+0451_PINT_20220302.nb.par,参考研究课题-PTA引力波/data/nanograv_15yr/NANOGrav15yr_PulsarTiming_v2.1.0/narrowband/tim/J0030+0451_PINT_20220302.nb.tim,
NG15,J0340+4130,J0340+4130,J0340+4130,参考研究课题-PTA引力波/data/nanograv_15yr/NANOGrav15yr_PulsarTiming_v2.1.0/narrowband/par/J0340+4130_PINT_20220302.nb.par,参考研究课题-PTA引力波/data/nanograv_15yr/NANOGrav15yr_PulsarTiming_v2.1.0/narrowband/tim/J0340+4130_PINT_20220302.nb.tim,
NG15,J0406+3039,J0406+3039,J0406+3039,参考研究课题-PTA引力波/data/nanograv_15yr/NANOGrav15yr_PulsarTiming_v2.1.0/narrowband/par/J0406+3039_PINT_20220304.nb.par,参考研究课题-PTA引力波/data/nanograv_15yr/NANOGrav15yr_PulsarTiming_v2.1.0/narrowband/tim/J0406+3039_PINT_20220304.nb.tim,
NG15,J0437-4715,J0437-4715,J0437-4715,参考研究课题-PTA引力波/data/nanograv_15yr/NANOGrav15yr_PulsarTiming_v2.1.0/narrowband/par/J0437-4715_PINT_20220301.nb.par,参考研究课题-PTA引力波/data/nanograv_15yr/NANOGrav15yr_PulsarTiming_v2.1.0/narrowband/tim/J0437-4715_PINT_20220301.nb.tim,
NG15,J0509+0856,J0509+0856,J0509+0856,参考研究课题-PTA引力波/data/nanograv_15yr/NANOGrav15yr_PulsarTiming_v2.1.0/narrowband/par/J0509+0856_PINT_20220302.nb.par,参考研究课题-PTA引力波/data/nanograv_15yr/NANOGrav15yr_PulsarTiming_v2.1.0/narrowband/tim/J0509+0856_PINT_20220302.nb.tim,
NG15,J0557+1551,J0557+1551,J0557+1550,参考研究课题-PTA引力波/data/nanograv_15yr/NANOGrav15yr_PulsarTiming_v2.1.0/narrowband/par/J0557+1551_PINT_20220302.nb.par,参考研究课题-PTA引力波/data/nanograv_15yr/NANOGrav15yr_PulsarTiming_v2.1.0/narrowband/tim/J0557+1551_PINT_20220302.nb.tim,
NG15,J0605+3757,J0605+3757,J0605+3757,参考研究课题-PTA引力波/data/nanograv_15yr/NANOGrav15yr_PulsarTiming_v2.1.0/narrowband/par/J0605+3757_PINT_20220301.nb.par,参考研究课题-PTA引力波/data/nanograv_15yr/NANOGrav15yr_PulsarTiming_v2.1.0/narrowband/tim/J0605+3757_PINT_20220301.nb.tim,
NG15,J0610-2100,J0610-2100,J0610-2100,参考研究课题-PTA引力波/data/nanograv_15yr/NANOGrav15yr_PulsarTiming_v2.1.0/narrowband/par/J0610-2100_PINT_20220301.nb.par,参考研究课题-PTA引力波/data/nanograv_15yr/NANOGrav15yr_PulsarTiming_v2.1.0/narrowband/tim/J0610-2100_PINT_20220301.nb.tim,
NG15,J0613-0200,J0613-0200,J0613-0200,参考研究课题-PTA引力波/data/nanograv_15yr/NANOGrav15yr_PulsarTiming_v2.1.0/narrowband/par/J0613-0200_PINT_20220302.nb.par,参考研究课题-PTA引力波/data/nanograv_15yr/NANOGrav15yr_PulsarTiming_v2.1.0/narrowband/tim/J0613-0200_PINT_20220302.nb.tim,
NG15,J0614-3329,J0614-3329,J0614-3329,参考研究课题-PTA引力波/data/nanograv_15yr/NANOGrav15yr_PulsarTiming_v2.1.0/narrowband/par/J0614-3329_PINT_20220301.nb.par,参考研究课题-PTA引力波/data/nanograv_15yr/NANOGrav15yr_PulsarTiming_v2.1.0/narrowband/tim/J0614-3329_PINT_20220301.nb.tim,
NG15,J0636+5128,J0636+5128,J0636+5128,参考研究课题-PTA引力波/data/nanograv_15yr/NANOGrav15yr_PulsarTiming_v2.1.0/narrowband/par/J0636+5128_PINT_20220303.nb.par,参考研究课题-PTA引力波/data/nanograv_15yr/NANOGrav15yr_PulsarTiming_v2.1.0/narrowband/tim/J0636+5128_PINT_20220303.nb.tim,
NG15,J0645+5158,J0645+5158,J0645+5158,参考研究课题-PTA引力波/data/nanograv_15yr/NANOGrav15yr_PulsarTiming_v2.1.0/narrowband/par/J0645+5158_PINT_20220302.nb.par,参考研究课题-PTA引力波/data/nanograv_15yr/NANOGrav15yr_PulsarTiming_v2.1.0/narrowband/tim/J0645+5158_PINT_20220302.nb.tim,
NG15,J0709+0458,J0709+0458,J0709+0458,参考研究课题-PTA引力波/data/nanograv_15yr/NANOGrav15yr_PulsarTiming_v2.1.0/narrowband/par/J0709+0458_PINT_20220302.nb.par,参考研究课题-PTA引力波/data/nanograv_15yr/NANOGrav15yr_PulsarTiming_v2.1.0/narrowband/tim/J0709+0458_PINT_20220302.nb.tim,
NG15,J0740+6620,J0740+6620,J0740+6620,参考研究课题-PTA引力波/data/nanograv_15yr/NANOGrav15yr_PulsarTiming_v2.1.0/narrowband/par/J0740+6620_PINT_20220302.nb.par,参考研究课题-PTA引力波/data/nanograv_15yr/NANOGrav15yr_PulsarTiming_v2.1.0/narrowband/tim/J0740+6620_PINT_20220302.nb.tim,
NG15,J0931-1902,J0931-1902,J0931-1902,参考研究课题-PTA引力波/data/nanograv_15yr/NANOGrav15yr_PulsarTiming_v2.1.0/narrowband/par/J0931-1902_PINT_20220301.nb.par,参考研究课题-PTA引力波/data/nanograv_15yr/NANOGrav15yr_PulsarTiming_v2.1.0/narrowband/tim/J0931-1902_PINT_20220301.nb.tim,
NG15,J1012+5307,J1012+5307,J1012+5307,参考研究课题-PTA引力波/data/nanograv_15yr/NANOGrav15yr_PulsarTiming_v2.1.0/narrowband/par/J1012+5307_PINT_20220305.nb.par,参考研究课题-PTA引力波/data/nanograv_15yr/NANOGrav15yr_PulsarTiming_v2.1.0/narrowband/tim/J1012+5307_PINT_20220305.nb.tim,
NG15,J1012-4235,J1012-4235,J1012-4235,参考研究课题-PTA引力波/data/nanograv_15yr/NANOGrav15yr_PulsarTiming_v2.1.0/narrowband/par/J1012-4235_PINT_20220301.nb.par,参考研究课题-PTA引力波/data/nanograv_15yr/NANOGrav15yr_PulsarTiming_v2.1.0/narrowband/tim/J1012-4235_PINT_20220301.nb.tim,
NG15,J1022+1001,J1022+1001,J1022+1001,参考研究课题-PTA引力波/data/nanograv_15yr/NANOGrav15yr_PulsarTiming_v2.1.0/narrowband/par/J1022+1001_PINT_20220304.nb.par,参考研究课题-PTA引力波/data/nanograv_15yr/NANOGrav15yr_PulsarTiming_v2.1.0/narrowband/tim/J1022+1001_PINT_20220304.nb.tim,
NG15,J1024-0719,J1024-0719,J1024-0719,参考研究课题-PTA引力波/data/nanograv_15yr/NANOGrav15yr_PulsarTiming_v2.1.0/narrowband/par/J1024-0719_PINT_20220302.nb.par,参考研究课题-PTA引力波/data/nanograv_15yr/NANOGrav15yr_PulsarTiming_v2.1.0/narrowband/tim/J1024-0719_PINT_20220302.nb.tim,
NG15,J1125+7819,J1125+7819,J1125+7819,参考研究课题-PTA引力波/data/nanograv_15yr/NANOGrav15yr_PulsarTiming_v2.1.0/narrowband/par/J1125+7819_PINT_20220304.nb.par,参考研究课题-PTA引力波/data/nanograv_15yr/NANOGrav15yr_PulsarTiming_v2.1.0/narrowband/tim/J1125+7819_PINT_20220304.nb.tim,
NG15,J1312+0051,J1312+0051,J1312+0051,参考研究课题-PTA引力波/data/nanograv_15yr/NANOGrav15yr_PulsarTiming_v2.1.0/narrowband/par/J1312+0051_PINT_20220303.nb.par,参考研究课题-PTA引力波/data/nanograv_15yr/NANOGrav15yr_PulsarTiming_v2.1.0/narrowband/tim/J1312+0051_PINT_20220303.nb.tim,
NG15,J1453+1902,J1453+1902,J1453+1902,参考研究课题-PTA引力波/data/nanograv_15yr/NANOGrav15yr_PulsarTiming_v2.1.0/narrowband/par/J1453+1902_PINT_20220302.nb.par,参考研究课题-PTA引力波/data/nanograv_15yr/NANOGrav15yr_PulsarTiming_v2.1.0/narrowband/tim/J1453+1902_PINT_20220302.nb.tim,
NG15,J1455-3330,J1455-3330,J1455-3330,参考研究课题-PTA引力波/data/nanograv_15yr/NANOGrav15yr_PulsarTiming_v2.1.0/narrowband/par/J1455-3330_PINT_20220301.nb.par,参考研究课题-PTA引力波/data/nanograv_15yr/NANOGrav15yr_PulsarTiming_v2.1.0/narrowband/tim/J1455-3330_PINT_20220301.nb.tim,
NG15,J1600-3053,J1600-3053,J1600-3053,参考研究课题-PTA引力波/data/nanograv_15yr/NANOGrav15yr_PulsarTiming_v2.1.0/narrowband/par/J1600-3053_PINT_20220302.nb.par,参考研究课题-PTA引力波/data/nanograv_15yr/NANOGrav15yr_PulsarTiming_v2.1.0/narrowband/tim/J1600-3053_PINT_20220302.nb.tim,
NG15,J1614-2230,J1614-2230,J1614-2230,参考研究课题-PTA引力波/data/nanograv_15yr/NANOGrav15yr_PulsarTiming_v2.1.0/narrowband/par/J1614-2230_PINT_20220301.nb.par,参考研究课题-PTA引力波/data/nanograv_15yr/NANOGrav15yr_PulsarTiming_v2.1.0/narrowband/tim/J1614-2230_PINT_20220301.nb.tim,
NG15,J1630+3734,J1630+3734,J1630+3734,参考研究课题-PTA引力波/data/nanograv_15yr/NANOGrav15yr_PulsarTiming_v2.1.0/narrowband/par/J1630+3734_PINT_20220302.nb.par,参考研究课题-PTA引力波/data/nanograv_15yr/NANOGrav15yr_PulsarTiming_v2.1.0/narrowband/tim/J1630+3734_PINT_20220302.nb.tim,
NG15,J1640+2224,J1640+2224,J1640+2224,参考研究课题-PTA引力波/data/nanograv_15yr/NANOGrav15yr_PulsarTiming_v2.1.0/narrowband/par/J1640+2224_PINT_20220305.nb.par,参考研究课题-PTA引力波/data/nanograv_15yr/NANOGrav15yr_PulsarTiming_v2.1.0/narrowband/tim/J1640+2224_PINT_20220305.nb.tim,
NG15,J1643-1224,J1643-1224,J1643-1224,参考研究课题-PTA引力波/data/nanograv_15yr/NANOGrav15yr_PulsarTiming_v2.1.0/narrowband/par/J1643-1224_PINT_20220305.nb.par,参考研究课题-PTA引力波/data/nanograv_15yr/NANOGrav15yr_PulsarTiming_v2.1.0/narrowband/tim/J1643-1224_PINT_20220305.nb.tim,
NG15,J1705-1903,J1705-1903,J1705-1903,参考研究课题-PTA引力波/data/nanograv_15yr/NANOGrav15yr_PulsarTiming_v2.1.0/narrowband/par/J1705-1903_PINT_20220307.nb.par,参考研究课题-PTA引力波/data/nanograv_15yr/NANOGrav15yr_PulsarTiming_v2.1.0/narrowband/tim/J1705-1903_PINT_20220307.nb.tim,
NG15,J1713+0747,J1713+0747,J1713+0747,参考研究课题-PTA引力波/data/nanograv_15yr/NANOGrav15yr_PulsarTiming_v2.1.0/narrowband/par/J1713+0747_PINT_20220309.nb.par,参考研究课题-PTA引力波/data/nanograv_15yr/NANOGrav15yr_PulsarTiming_v2.1.0/narrowband/tim/J1713+0747_PINT_20220309.nb.tim,
NG15,J1719-1438,J1719-1438,J1719-1438,参考研究课题-PTA引力波/data/nanograv_15yr/NANOGrav15yr_PulsarTiming_v2.1.0/narrowband/par/J1719-1438_PINT_20220302.nb.par,参考研究课题-PTA引力波/data/nanograv_15yr/NANOGrav15yr_PulsarTiming_v2.1.0/narrowband/tim/J1719-1438_PINT_20220302.nb.tim,
NG15,J1730-2304,J1730-2304,J1730-2304,参考研究课题-PTA引力波/data/nanograv_15yr/NANOGrav15yr_PulsarTiming_v2.1.0/narrowband/par/J1730-2304_PINT_20220301.nb.par,参考研究课题-PTA引力波/data/nanograv_15yr/NANOGrav15yr_PulsarTiming_v2.1.0/narrowband/tim/J1730-2304_PINT_20220301.nb.tim,
NG15,J1738+0333,J1738+0333,J1738+0333,参考研究课题-PTA引力波/data/nanograv_15yr/NANOGrav15yr_PulsarTiming_v2.1.0/narrowband/par/J1738+0333_PINT_20220302.nb.par,参考研究课题-PTA引力波/data/nanograv_15yr/NANOGrav15yr_PulsarTiming_v2.1.0/narrowband/tim/J1738+0333_PINT_20220302.nb.tim,
NG15,J1741+1351,J1741+1351,J1741+1351,参考研究课题-PTA引力波/data/nanograv_15yr/NANOGrav15yr_PulsarTiming_v2.1.0/narrowband/par/J1741+1351_PINT_20220302.nb.par,参考研究课题-PTA引力波/data/nanograv_15yr/NANOGrav15yr_PulsarTiming_v2.1.0/narrowband/tim/J1741+1351_PINT_20220302.nb.tim,
NG15,J1744-1134,J1744-1134,J1744-1134,参考研究课题-PTA引力波/data/nanograv_15yr/NANOGrav15yr_PulsarTiming_v2.1.0/narrowband/par/J1744-1134_PINT_20220302.nb.par,参考研究课题-PTA引力波/data/nanograv_15yr/NANOGrav15yr_PulsarTiming_v2.1.0/narrowband/tim/J1744-1134_PINT_20220302.nb.tim,
NG15,J1745+1017,J1745+1017,J1745+1017,参考研究课题-PTA引力波/data/nanograv_15yr/NANOGrav15yr_PulsarTiming_v2.1.0/narrowband/par/J1745+1017_PINT_20220302.nb.par,参考研究课题-PTA引力波/data/nanograv_15yr/NANOGrav15yr_PulsarTiming_v2.1.0/narrowband/tim/J1745+1017_PINT_20220302.nb.tim,
NG15,J1747-4036,J1747-4036,J1747-4036,参考研究课题-PTA引力波/data/nanograv_15yr/NANOGrav15yr_PulsarTiming_v2.1.0/narrowband/par/J1747-4036_PINT_20220302.nb.par,参考研究课题-PTA引力波/data/nanograv_15yr/NANOGrav15yr_PulsarTiming_v2.1.0/narrowband/tim/J1747-4036_PINT_20220302.nb.tim,
NG15,J1751-2857,J1751-2857,J1751-2857,参考研究课题-PTA引力波/data/nanograv_15yr/NANOGrav15yr_PulsarTiming_v2.1.0/narrowband/par/J1751-2857_PINT_20220301.nb.par,参考研究课题-PTA引力波/data/nanograv_15yr/NANOGrav15yr_PulsarTiming_v2.1.0/narrowband/tim/J1751-2857_PINT_20220301.nb.tim,
NG15,J1802-2124,J1802-2124,J1802-2124,参考研究课题-PTA引力波/data/nanograv_15yr/NANOGrav15yr_PulsarTiming_v2.1.0/narrowband/par/J1802-2124_PINT_20220302.nb.par,参考研究课题-PTA引力波/data/nanograv_15yr/NANOGrav15yr_PulsarTiming_v2.1.0/narrowband/tim/J1802-2124_PINT_20220302.nb.tim,
NG15,J1811-2405,J1811-2405,J1811-2405,参考研究课题-PTA引力波/data/nanograv_15yr/NANOGrav15yr_PulsarTiming_v2.1.0/narrowband/par/J1811-2405_PINT_20220301.nb.par,参考研究课题-PTA引力波/data/nanograv_15yr/NANOGrav15yr_PulsarTiming_v2.1.0/narrowband/tim/J1811-2405_PINT_20220301.nb.tim,
NG15,J1832-0836,J1832-0836,J1832-0836,参考研究课题-PTA引力波/data/nanograv_15yr/NANOGrav15yr_PulsarTiming_v2.1.0/narrowband/par/J1832-0836_PINT_20220302.nb.par,参考研究课题-PTA引力波/data/nanograv_15yr/NANOGrav15yr_PulsarTiming_v2.1.0/narrowband/tim/J1832-0836_PINT_20220302.nb.tim,
NG15,J1843-1113,J1843-1113,J1843-1113,参考研究课题-PTA引力波/data/nanograv_15yr/NANOGrav15yr_PulsarTiming_v2.1.0/narrowband/par/J1843-1113_PINT_20220302.nb.par,参考研究课题-PTA引力波/data/nanograv_15yr/NANOGrav15yr_PulsarTiming_v2.1.0/narrowband/tim/J1843-1113_PINT_20220302.nb.tim,
NG15,J1853+1303,J1853+1303,J1853+1303,参考研究课题-PTA引力波/data/nanograv_15yr/NANOGrav15yr_PulsarTiming_v2.1.0/narrowband/par/J1853+1303_PINT_20220302.nb.par,参考研究课题-PTA引力波/data/nanograv_15yr/NANOGrav15yr_PulsarTiming_v2.1.0/narrowband/tim/J1853+1303_PINT_20220302.nb.tim,
NG15,J1903+0327,J1903+0327,J1903+0327,参考研究课题-PTA引力波/data/nanograv_15yr/NANOGrav15yr_PulsarTiming_v2.1.0/narrowband/par/J1903+0327_PINT_20220304.nb.par,参考研究课题-PTA引力波/data/nanograv_15yr/NANOGrav15yr_PulsarTiming_v2.1.0/narrowband/tim/J1903+0327_PINT_20220304.nb.tim,
NG15,J1909-3744,J1909-3744,J1909-3744,参考研究课题-PTA引力波/data/nanograv_15yr/NANOGrav15yr_PulsarTiming_v2.1.0/narrowband/par/J1909-3744_PINT_20220303.nb.par,参考研究课题-PTA引力波/data/nanograv_15yr/NANOGrav15yr_PulsarTiming_v2.1.0/narrowband/tim/J1909-3744_PINT_20220303.nb.tim,
NG15,J1910+1256,J1910+1256,J1910+1256,参考研究课题-PTA引力波/data/nanograv_15yr/NANOGrav15yr_PulsarTiming_v2.1.0/narrowband/par/J1910+1256_PINT_20220301.nb.par,参考研究课题-PTA引力波/data/nanograv_15yr/NANOGrav15yr_PulsarTiming_v2.1.0/narrowband/tim/J1910+1256_PINT_20220301.nb.tim,
NG15,J1911+1347,J1911+1347,J1911+1347,参考研究课题-PTA引力波/data/nanograv_15yr/NANOGrav15yr_PulsarTiming_v2.1.0/narrowband/par/J1911+1347_PINT_20220302.nb.par,参考研究课题-PTA引力波/data/nanograv_15yr/NANOGrav15yr_PulsarTiming_v2.1.0/narrowband/tim/J1911+1347_PINT_20220302.nb.tim,
NG15,J1918-0642,J1918-0642,J1918-0642,参考研究课题-PTA引力波/data/nanograv_15yr/NANOGrav15yr_PulsarTiming_v2.1.0/narrowband/par/J1918-0642_PINT_20220302.nb.par,参考研究课题-PTA引力波/data/nanograv_15yr/NANOGrav15yr_PulsarTiming_v2.1.0/narrowband/tim/J1918-0642_PINT_20220302.nb.tim,
NG15,J1923+2515,J1923+2515,J1923+2515,参考研究课题-PTA引力波/data/nanograv_15yr/NANOGrav15yr_PulsarTiming_v2.1.0/narrowband/par/J1923+2515_PINT_20220301.nb.par,参考研究课题-PTA引力波/data/nanograv_15yr/NANOGrav15yr_PulsarTiming_v2.1.0/narrowband/tim/J1923+2515_PINT_20220301.nb.tim,
NG15,J1944+0907,J1944+0907,J1944+0907,参考研究课题-PTA引力波/data/nanograv_15yr/NANOGrav15yr_PulsarTiming_v2.1.0/narrowband/par/J1944+0907_PINT_20220302.nb.par,参考研究课题-PTA引力波/data/nanograv_15yr/NANOGrav15yr_PulsarTiming_v2.1.0/narrowband/tim/J1944+0907_PINT_20220302.nb.tim,
NG15,J1946+3417,J1946+3417,J1946+3417,参考研究课题-PTA引力波/data/nanograv_15yr/NANOGrav15yr_PulsarTiming_v2.1.0/narrowband/par/J1946+3417_PINT_20220302.nb.par,参考研究课题-PTA引力波/data/nanograv_15yr/NANOGrav15yr_PulsarTiming_v2.1.0/narrowband/tim/J1946+3417_PINT_20220302.nb.tim,
NG15,J2010-1323,J2010-1323,J2010-1323,参考研究课题-PTA引力波/data/nanograv_15yr/NANOGrav15yr_PulsarTiming_v2.1.0/narrowband/par/J2010-1323_PINT_20220302.nb.par,参考研究课题-PTA引力波/data/nanograv_15yr/NANOGrav15yr_PulsarTiming_v2.1.0/narrowband/tim/J2010-1323_PINT_20220302.nb.tim,
NG15,J2017+0603,J2017+0603,J2017+0603,参考研究课题-PTA引力波/data/nanograv_15yr/NANOGrav15yr_PulsarTiming_v2.1.0/narrowband/par/J2017+0603_PINT_20220302.nb.par,参考研究课题-PTA引力波/data/nanograv_15yr/NANOGrav15yr_PulsarTiming_v2.1.0/narrowband/tim/J2017+0603_PINT_20220302.nb.tim,
NG15,J2033+1734,J2033+1734,J2033+1734,参考研究课题-PTA引力波/data/nanograv_15yr/NANOGrav15yr_PulsarTiming_v2.1.0/narrowband/par/J2033+1734_PINT_20220304.nb.par,参考研究课题-PTA引力波/data/nanograv_15yr/NANOGrav15yr_PulsarTiming_v2.1.0/narrowband/tim/J2033+1734_PINT_20220304.nb.tim,
NG15,J2043+1711,J2043+1711,J2043+1711,参考研究课题-PTA引力波/data/nanograv_15yr/NANOGrav15yr_PulsarTiming_v2.1.0/narrowband/par/J2043+1711_PINT_20220302.nb.par,参考研究课题-PTA引力波/data/nanograv_15yr/NANOGrav15yr_PulsarTiming_v2.1.0/narrowband/tim/J2043+1711_PINT_20220302.nb.tim,
NG15,J2124-3358,J2124-3358,J2124-3358,参考研究课题-PTA引力波/data/nanograv_15yr/NANOGrav15yr_PulsarTiming_v2.1.0/narrowband/par/J2124-3358_PINT_20220301.nb.par,参考研究课题-PTA引力波/data/nanograv_15yr/NANOGrav15yr_PulsarTiming_v2.1.0/narrowband/tim/J2124-3358_PINT_20220301.nb.tim,
NG15,J2145-0750,J2145-0750,J2145-0750,参考研究课题-PTA引力波/data/nanograv_15yr/NANOGrav15yr_PulsarTiming_v2.1.0/narrowband/par/J2145-0750_PINT_20220302.nb.par,参考研究课题-PTA引力波/data/nanograv_15yr/NANOGrav15yr_PulsarTiming_v2.1.0/narrowband/tim/J2145-0750_PINT_20220302.nb.tim,
NG15,J2214+3000,J2214+3000,J2214+3000,参考研究课题-PTA引力波/data/nanograv_15yr/NANOGrav15yr_PulsarTiming_v2.1.0/narrowband/par/J2214+3000_PINT_20220302.nb.par,参考研究课题-PTA引力波/data/nanograv_15yr/NANOGrav15yr_PulsarTiming_v2.1.0/narrowband/tim/J2214+3000_PINT_20220302.nb.tim,
NG15,J2229+2643,J2229+2643,J2229+2643,参考研究课题-PTA引力波/data/nanograv_15yr/NANOGrav15yr_PulsarTiming_v2.1.0/narrowband/par/J2229+2643_PINT_20220301.nb.par,参考研究课题-PTA引力波/data/nanograv_15yr/NANOGrav15yr_PulsarTiming_v2.1.0/narrowband/tim/J2229+2643_PINT_20220301.nb.tim,
NG15,J2234+0611,J2234+0611,J2234+0611,参考研究课题-PTA引力波/data/nanograv_15yr/NANOGrav15yr_PulsarTiming_v2.1.0/narrowband/par/J2234+0611_PINT_20220304.nb.par,参考研究课题-PTA引力波/data/nanograv_15yr/NANOGrav15yr_PulsarTiming_v2.1.0/narrowband/tim/J2234+0611_PINT_20220304.nb.tim,
NG15,J2234+0944,J2234+0944,J2234+0944,参考研究课题-PTA引力波/data/nanograv_15yr/NANOGrav15yr_PulsarTiming_v2.1.0/narrowband/par/J2234+0944_PINT_20220302.nb.par,参考研究课题-PTA引力波/data/nanograv_15yr/NANOGrav15yr_PulsarTiming_v2.1.0/narrowband/tim/J2234+0944_PINT_20220302.nb.tim,
NG15,J2302+4442,J2302+4442,J2302+4442,参考研究课题-PTA引力波/data/nanograv_15yr/NANOGrav15yr_PulsarTiming_v2.1.0/narrowband/par/J2302+4442_PINT_20220302.nb.par,参考研究课题-PTA引力波/data/nanograv_15yr/NANOGrav15yr_PulsarTiming_v2.1.0/narrowband/tim/J2302+4442_PINT_20220302.nb.tim,
NG15,J2317+1439,J2317+1439,J2317+1439,参考研究课题-PTA引力波/data/nanograv_15yr/NANOGrav15yr_PulsarTiming_v2.1.0/narrowband/par/J2317+1439_PINT_20220306.nb.par,参考研究课题-PTA引力波/data/nanograv_15yr/NANOGrav15yr_PulsarTiming_v2.1.0/narrowband/tim/J2317+1439_PINT_20220306.nb.tim,
NG15,J2322+2057,J2322+2057,J2322+2057,参考研究课题-PTA引力波/data/nanograv_15yr/NANOGrav15yr_PulsarTiming_v2.1.0/narrowband/par/J2322+2057_PINT_20220302.nb.par,参考研究课题-PTA引力波/data/nanograv_15yr/NANOGrav15yr_PulsarTiming_v2.1.0/narrowband/tim/J2322+2057_PINT_20220302.nb.tim,
EPTA,J0030+0451,J0030+0451,J0030+0451,data/EPTA_DR2/epta-dr2/EPTA-DR2/DR2new+/J0030+0451/J0030+0451.par,data/EPTA_DR2/epta-dr2/EPTA-DR2/DR2new+/J0030+0451/J0030+0451_all.tim,
EPTA,J0613-0200,J0613-0200,J0613-0200,data/EPTA_DR2/epta-dr2/EPTA-DR2/DR2new+/J0613-0200/J0613-0200.par,data/EPTA_DR2/epta-dr2/EPTA-DR2/DR2new+/J0613-0200/J0613-0200_all.tim,
EPTA,J0751+1807,J0751+1807,J0751+1807,data/EPTA_DR2/epta-dr2/EPTA-DR2/DR2new+/J0751+1807/J0751+1807.par,data/EPTA_DR2/epta-dr2/EPTA-DR2/DR2new+/J0751+1807/J0751+1807_all.tim,
EPTA,J0900-3144,J0900-3144,J0900-3144,data/EPTA_DR2/epta-dr2/EPTA-DR2/DR2new+/J0900-3144/J0900-3144.par,data/EPTA_DR2/epta-dr2/EPTA-DR2/DR2new+/J0900-3144/J0900-3144_all.tim,
EPTA,J1012+5307,J1012+5307,J1012+5307,data/EPTA_DR2/epta-dr2/EPTA-DR2/DR2new+/J1012+5307/J1012+5307.par,data/EPTA_DR2/epta-dr2/EPTA-DR2/DR2new+/J1012+5307/J1012+5307_all.tim,
EPTA,J1022+1001,J1022+1001,J1022+1001,data/EPTA_DR2/epta-dr2/EPTA-DR2/DR2new+/J1022+1001/J1022+1001.par,data/EPTA_DR2/epta-dr2/EPTA-DR2/DR2new+/J1022+1001/J1022+1001_all.tim,
EPTA,J1024-0719,J1024-0719,J1024-0719,data/EPTA_DR2/epta-dr2/EPTA-DR2/DR2new+/J1024-0719/J1024-0719.par,data/EPTA_DR2/epta-dr2/EPTA-DR2/DR2new+/J1024-0719/J1024-0719_all.tim,
EPTA,J1455-3330,J1455-3330,J1455-3330,data/EPTA_DR2/epta-dr2/EPTA-DR2/DR2new+/J1455-3330/J1455-3330.par,data/EPTA_DR2/epta-dr2/EPTA-DR2/DR2new+/J1455-3330/J1455-3330_all.tim,
EPTA,J1600-3053,J1600-3053,J1600-3053,data/EPTA_DR2/epta-dr2/EPTA-DR2/DR2new+/J1600-3053/J1600-3053.par,data/EPTA_DR2/epta-dr2/EPTA-DR2/DR2new+/J1600-3053/J1600-3053_all.tim,
EPTA,J1640+2224,J1640+2224,J1640+2224,data/EPTA_DR2/epta-dr2/EPTA-DR2/DR2new+/J1640+2224/J1640+2224.par,data/EPTA_DR2/epta-dr2/EPTA-DR2/DR2new+/J1640+2224/J1640+2224_all.tim,
EPTA,J1713+0747,J1713+0747,J1713+0747,data/EPTA_DR2/epta-dr2/EPTA-DR2/DR2new+/J1713+0747/J1713+0747.par,data/EPTA_DR2/epta-dr2/EPTA-DR2/DR2new+/J1713+0747/J1713+0747_all.tim,
EPTA,J1730-2304,J1730-2304,J1730-2304,data/EPTA_DR2/epta-dr2/EPTA-DR2/DR2new+/J1730-2304/J1730-2304.par,data/EPTA_DR2/epta-dr2/EPTA-DR2/DR2new+/J1730-2304/J1730-2304_all.tim,
EPTA,J1738+0333,J1738+0333,J1738+0333,data/EPTA_DR2/epta-dr2/EPTA-DR2/DR2new+/J1738+0333/J1738+0333.par,data/EPTA_DR2/epta-dr2/EPTA-DR2/DR2new+/J1738+0333/J1738+0333_all.tim,
EPTA,J1744-1134,J1744-1134,J1744-1134,data/EPTA_DR2/epta-dr2/EPTA-DR2/DR2new+/J1744-1134/J1744-1134.par,data/EPTA_DR2/epta-dr2/EPTA-DR2/DR2new+/J1744-1134/J1744-1134_all.tim,
EPTA,J1751-2857,J1751-2857,J1751-2857,data/EPTA_DR2/epta-dr2/EPTA-DR2/DR2new+/J1751-2857/J1751-2857.par,data/EPTA_DR2/epta-dr2/EPTA-DR2/DR2new+/J1751-2857/J1751-2857_all.tim,
EPTA,J1801-1417,J1801-1417,J1801-1417,data/EPTA_DR2/epta-dr2/EPTA-DR2/DR2new+/J1801-1417/J1801-1417.par,data/EPTA_DR2/epta-dr2/EPTA-DR2/DR2new+/J1801-1417/J1801-1417_all.tim,
EPTA,J1804-2717,J1804-2717,J1804-2717,data/EPTA_DR2/epta-dr2/EPTA-DR2/DR2new+/J1804-2717/J1804-2717.par,data/EPTA_DR2/epta-dr2/EPTA-DR2/DR2new+/J1804-2717/J1804-2717_all.tim,
EPTA,J1843-1113,J1843-1113,J1843-1113,data/EPTA_DR2/epta-dr2/EPTA-DR2/DR2new+/J1843-1113/J1843-1113.par,data/EPTA_DR2/epta-dr2/EPTA-DR2/DR2new+/J1843-1113/J1843-1113_all.tim,
EPTA,J1857+0943,J1857+0943,J1857+0943,data/EPTA_DR2/epta-dr2/EPTA-DR2/DR2new+/J1857+0943/J1857+0943.par,data/EPTA_DR2/epta-dr2/EPTA-DR2/DR2new+/J1857+0943/J1857+0943_all.tim,
EPTA,J1909-3744,J1909-3744,J1909-3744,data/EPTA_DR2/epta-dr2/EPTA-DR2/DR2new+/J1909-3744/J1909-3744.par,data/EPTA_DR2/epta-dr2/EPTA-DR2/DR2new+/J1909-3744/J1909-3744_all.tim,
EPTA,J1910+1256,J1910+1256,J1910+1256,data/EPTA_DR2/epta-dr2/EPTA-DR2/DR2new+/J1910+1256/J1910+1256.par,data/EPTA_DR2/epta-dr2/EPTA-DR2/DR2new+/J1910+1256/J1910+1256_all.tim,
EPTA,J1911+1347,J1911+1347,J1911+1347,data/EPTA_DR2/epta-dr2/EPTA-DR2/DR2new+/J1911+1347/J1911+1347.par,data/EPTA_DR2/epta-dr2/EPTA-DR2/DR2new+/J1911+1347/J1911+1347_all.tim,
EPTA,J1918-0642,J1918-0642,J1918-0642,data/EPTA_DR2/epta-dr2/EPTA-DR2/DR2new+/J1918-0642/J1918-0642.par,data/EPTA_DR2/epta-dr2/EPTA-DR2/DR2new+/J1918-0642/J1918-0642_all.tim,
EPTA,J2124-3358,J2124-3358,J2124-3358,data/EPTA_DR2/epta-dr2/EPTA-DR2/DR2new+/J2124-3358/J2124-3358.par,data/EPTA_DR2/epta-dr2/EPTA-DR2/DR2new+/J2124-3358/J2124-3358_all.tim,
EPTA,J2322+2057,J2322+2057,J2322+2057,data/EPTA_DR2/epta-dr2/EPTA-DR2/DR2new+/J2322+2057/J2322+2057.par,data/EPTA_DR2/epta-dr2/EPTA-DR2/DR2new+/J2322+2057/J2322+2057_all.tim,
PPTA,J0030+0451,J0030+0451,J0030+0451,data/PPTA_DR3_github/analysis_codes/data/all/J0030+0451.par,data/PPTA_DR3_github/analysis_codes/data/all/J0030+0451.tim,
PPTA,J0125-2327,J0125-2327,J0125-2327,data/PPTA_DR3_github/analysis_codes/data/all/J0125-2327.par,data/PPTA_DR3_github/analysis_codes/data/all/J0125-2327.tim,
PPTA,J0437-4715,J0437-4715,J0437-4715,data/PPTA_DR3_github/analysis_codes/data/all/J0437-4715.par,data/PPTA_DR3_github/analysis_codes/data/all/J0437-4715.tim,
PPTA,J0613-0200,J0613-0200,J0613-0200,data/PPTA_DR3_github/analysis_codes/data/all/J0613-0200.par,data/PPTA_DR3_github/analysis_codes/data/all/J0613-0200.tim,
PPTA,J0614-3329,J0614-3329,J0614-3329,data/PPTA_DR3_github/analysis_codes/data/all/J0614-3329.par,data/PPTA_DR3_github/analysis_codes/data/all/J0614-3329.tim,
PPTA,J0711-6830,J0711-6830,J0711-6830,data/PPTA_DR3_github/analysis_codes/data/all/J0711-6830.par,data/PPTA_DR3_github/analysis_codes/data/all/J0711-6830.tim,
PPTA,J0900-3144,J0900-3144,J0900-3144,data/PPTA_DR3_github/analysis_codes/data/all/J0900-3144.par,data/PPTA_DR3_github/analysis_codes/data/all/J0900-3144.tim,
PPTA,J1017-7156,J1017-7156,J1017-7156,data/PPTA_DR3_github/analysis_codes/data/all/J1017-7156.par,data/PPTA_DR3_github/analysis_codes/data/all/J1017-7156.tim,
PPTA,J1022+1001,J1022+1001,J1022+1001,data/PPTA_DR3_github/analysis_codes/data/all/J1022+1001.par,data/PPTA_DR3_github/analysis_codes/data/all/J1022+1001.tim,
PPTA,J1024-0719,J1024-0719,J1024-0719,data/PPTA_DR3_github/analysis_codes/data/all/J1024-0719.par,data/PPTA_DR3_github/analysis_codes/data/all/J1024-0719.tim,
PPTA,J1045-4509,J1045-4509,J1045-4509,data/PPTA_DR3_github/analysis_codes/data/all/J1045-4509.par,data/PPTA_DR3_github/analysis_codes/data/all/J1045-4509.tim,
PPTA,J1125-6014,J1125-6014,J1125-6014,data/PPTA_DR3_github/analysis_codes/data/all/J1125-6014.par,data/PPTA_DR3_github/analysis_codes/data/all/J1125-6014.tim,
PPTA,J1446-4701,J1446-4701,J1446-4701,data/PPTA_DR3_github/analysis_codes/data/all/J1446-4701.par,data/PPTA_DR3_github/analysis_codes/data/all/J1446-4701.tim,
PPTA,J1545-4550,J1545-4550,J1545-4550,data/PPTA_DR3_github/analysis_codes/data/all/J1545-4550.par,data/PPTA_DR3_github/analysis_codes/data/all/J1545-4550.tim,
PPTA,J1600-3053,J1600-3053,J1600-3053,data/PPTA_DR3_github/analysis_codes/data/all/J1600-3053.par,data/PPTA_DR3_github/analysis_codes/data/all/J1600-3053.tim,
PPTA,J1603-7202,J1603-7202,J1603-7202,data/PPTA_DR3_github/analysis_codes/data/all/J1603-7202.par,data/PPTA_DR3_github/analysis_codes/data/all/J1603-7202.tim,
PPTA,J1643-1224,J1643-1224,J1643-1224,data/PPTA_DR3_github/analysis_codes/data/all/J1643-1224.par,data/PPTA_DR3_github/analysis_codes/data/all/J1643-1224.tim,
PPTA,J1713+0747,J1713+0747,J1713+0747,data/PPTA_DR3_github/analysis_codes/data/all/J1713+0747.par,data/PPTA_DR3_github/analysis_codes/data/all/J1713+0747.tim,
PPTA,J1730-2304,J1730-2304,J1730-2304,data/PPTA_DR3_github/analysis_codes/data/all/J1730-2304.par,data/PPTA_DR3_github/analysis_codes/data/all/J1730-2304.tim,
PPTA,J1741+1351,J1741+1351,J1741+1351,data/PPTA_DR3_github/analysis_codes/data/all/J1741+1351.par,data/PPTA_DR3_github/analysis_codes/data/all/J1741+1351.tim,
PPTA,J1744-1134,J1744-1134,J1744-1134,data/PPTA_DR3_github/analysis_codes/data/all/J1744-1134.par,data/PPTA_DR3_github/analysis_codes/data/all/J1744-1134.tim,
PPTA,J1824-2452A,J1824-2452A,J1824-2452,data/PPTA_DR3_github/analysis_codes/data/all/J1824-2452A.par,data/PPTA_DR3_github/analysis_codes/data/all/J1824-2452A.tim,
PPTA,J1832-0836,J1832-0836,J1832-0836,data/PPTA_DR3_github/analysis_codes/data/all/J1832-0836.par,data/PPTA_DR3_github/analysis_codes/data/all/J1832-0836.tim,
PPTA,J1857+0943,J1857+0943,J1857+0943,data/PPTA_DR3_github/analysis_codes/data/all/J1857+0943.par,data/PPTA_DR3_github/analysis_codes/data/all/J1857+0943.tim,
PPTA,J1902-5105,J1902-5105,J1902-5105,data/PPTA_DR3_github/analysis_codes/data/all/J1902-5105.par,data/PPTA_DR3_github/analysis_codes/data/all/J1902-5105.tim,
PPTA,J1909-3744,J1909-3744,J1909-3744,data/PPTA_DR3_github/analysis_codes/data/all/J1909-3744.par,data/PPTA_DR3_github/analysis_codes/data/all/J1909-3744.tim,
PPTA,J1933-6211,J1933-6211,J1933-6211,data/PPTA_DR3_github/analysis_codes/data/all/J1933-6211.par,data/PPTA_DR3_github/analysis_codes/data/all/J1933-6211.tim,
PPTA,J1939+2134,J1939+2134,J1939+2134,data/PPTA_DR3_github/analysis_codes/data/all/J1939+2134.par,data/PPTA_DR3_github/analysis_codes/data/all/J1939+2134.tim,
PPTA,J2124-3358,J2124-3358,J2124-3358,data/PPTA_DR3_github/analysis_codes/data/all/J2124-3358.par,data/PPTA_DR3_github/analysis_codes/data/all/J2124-3358.tim,
PPTA,J2129-5721,J2129-5721,J2129-5721,data/PPTA_DR3_github/analysis_codes/data/all/J2129-5721.par,data/PPTA_DR3_github/analysis_codes/data/all/J2129-5721.tim,
PPTA,J2145-0750,J2145-0750,J2145-0750,data/PPTA_DR3_github/analysis_codes/data/all/J2145-0750.par,data/PPTA_DR3_github/analysis_codes/data/all/J2145-0750.tim,
PPTA,J2241-5236,J2241-5236,J2241-5236,data/PPTA_DR3_github/analysis_codes/data/all/J2241-5236.par,data/PPTA_DR3_github/analysis_codes/data/all/J2241-5236.tim,ValueError: Some FBn parameters are set but FB0 is not.
MPTA,J0030+0451,J0030+0451,J0030+0451,data/MPTA_4p5yr/partim_datacentral_20260425/partim/J0030+0451.par,data/MPTA_4p5yr/partim_datacentral_20260425/partim/J0030+0451.tim,
MPTA,J0101-6422,J0101-6422,J0101-6422,data/MPTA_4p5yr/partim_datacentral_20260425/partim/J0101-6422.par,data/MPTA_4p5yr/partim_datacentral_20260425/partim/J0101-6422.tim,
MPTA,J0125-2327,J0125-2327,J0125-2327,data/MPTA_4p5yr/partim_datacentral_20260425/partim/J0125-2327.par,data/MPTA_4p5yr/partim_datacentral_20260425/partim/J0125-2327.tim,
MPTA,J0437-4715,J0437-4715,J0437-4715,data/MPTA_4p5yr/partim_datacentral_20260425/partim/J0437-4715.par,data/MPTA_4p5yr/partim_datacentral_20260425/partim/J0437-4715.tim,
MPTA,J0610-2100,J0610-2100,J0610-2100,data/MPTA_4p5yr/partim_datacentral_20260425/partim/J0610-2100.par,data/MPTA_4p5yr/partim_datacentral_20260425/partim/J0610-2100.tim,
MPTA,J0613-0200,J0613-0200,J0613-0200,data/MPTA_4p5yr/partim_datacentral_20260425/partim/J0613-0200.par,data/MPTA_4p5yr/partim_datacentral_20260425/partim/J0613-0200.tim,
MPTA,J0614-3329,J0614-3329,J0614-3329,data/MPTA_4p5yr/partim_datacentral_20260425/partim/J0614-3329.par,data/MPTA_4p5yr/partim_datacentral_20260425/partim/J0614-3329.tim,
MPTA,J0636-3044,J0636-3044,J0636-3044,data/MPTA_4p5yr/partim_datacentral_20260425/partim/J0636-3044.par,data/MPTA_4p5yr/partim_datacentral_20260425/partim/J0636-3044.tim,
MPTA,J0711-6830,J0711-6830,J0711-6830,data/MPTA_4p5yr/partim_datacentral_20260425/partim/J0711-6830.par,data/MPTA_4p5yr/partim_datacentral_20260425/partim/J0711-6830.tim,
MPTA,J0900-3144,J0900-3144,J0900-3144,data/MPTA_4p5yr/partim_datacentral_20260425/partim/J0900-3144.par,data/MPTA_4p5yr/partim_datacentral_20260425/partim/J0900-3144.tim,
MPTA,J0931-1902,J0931-1902,J0931-1902,data/MPTA_4p5yr/partim_datacentral_20260425/partim/J0931-1902.par,data/MPTA_4p5yr/partim_datacentral_20260425/partim/J0931-1902.tim,
MPTA,J0955-6150,J0955-6150,J0955-6150,data/MPTA_4p5yr/partim_datacentral_20260425/partim/J0955-6150.par,data/MPTA_4p5yr/partim_datacentral_20260425/partim/J0955-6150.tim,
MPTA,J1012-4235,J1012-4235,J1012-4235,data/MPTA_4p5yr/partim_datacentral_20260425/partim/J1012-4235.par,data/MPTA_4p5yr/partim_datacentral_20260425/partim/J1012-4235.tim,
MPTA,J1017-7156,J1017-7156,J1017-7156,data/MPTA_4p5yr/partim_datacentral_20260425/partim/J1017-7156.par,data/MPTA_4p5yr/partim_datacentral_20260425/partim/J1017-7156.tim,
MPTA,J1022+1001,J1022+1001,J1022+1001,data/MPTA_4p5yr/partim_datacentral_20260425/partim/J1022+1001.par,data/MPTA_4p5yr/partim_datacentral_20260425/partim/J1022+1001.tim,
MPTA,J1024-0719,J1024-0719,J1024-0719,data/MPTA_4p5yr/partim_datacentral_20260425/partim/J1024-0719.par,data/MPTA_4p5yr/partim_datacentral_20260425/partim/J1024-0719.tim,
MPTA,J1036-8317,J1036-8317,J1036-8317,data/MPTA_4p5yr/partim_datacentral_20260425/partim/J1036-8317.par,data/MPTA_4p5yr/partim_datacentral_20260425/partim/J1036-8317.tim,
MPTA,J1045-4509,J1045-4509,J1045-4509,data/MPTA_4p5yr/partim_datacentral_20260425/partim/J1045-4509.par,data/MPTA_4p5yr/partim_datacentral_20260425/partim/J1045-4509.tim,
MPTA,J1101-6424,J1101-6424,J1101-6424,data/MPTA_4p5yr/partim_datacentral_20260425/partim/J1101-6424.par,data/MPTA_4p5yr/partim_datacentral_20260425/partim/J1101-6424.tim,
MPTA,J1125-5825,J1125-5825,J1125-5825,data/MPTA_4p5yr/partim_datacentral_20260425/partim/J1125-5825.par,data/MPTA_4p5yr/partim_datacentral_20260425/partim/J1125-5825.tim,
MPTA,J1125-6014,J1125-6014,J1125-6014,data/MPTA_4p5yr/partim_datacentral_20260425/partim/J1125-6014.par,data/MPTA_4p5yr/partim_datacentral_20260425/partim/J1125-6014.tim,
MPTA,J1216-6410,J1216-6410,J1216-6410,data/MPTA_4p5yr/partim_datacentral_20260425/partim/J1216-6410.par,data/MPTA_4p5yr/partim_datacentral_20260425/partim/J1216-6410.tim,
MPTA,J1231-1411,J1231-1411,J1231-1411,data/MPTA_4p5yr/partim_datacentral_20260425/partim/J1231-1411.par,data/MPTA_4p5yr/partim_datacentral_20260425/partim/J1231-1411.tim,
MPTA,J1327-0755,J1327-0755,J1327-0755,data/MPTA_4p5yr/partim_datacentral_20260425/partim/J1327-0755.par,data/MPTA_4p5yr/partim_datacentral_20260425/partim/J1327-0755.tim,
MPTA,J1421-4409,J1421-4409,J1421-4409,data/MPTA_4p5yr/partim_datacentral_20260425/partim/J1421-4409.par,data/MPTA_4p5yr/partim_datacentral_20260425/partim/J1421-4409.tim,
MPTA,J1431-5740,J1431-5740,J1431-5740,data/MPTA_4p5yr/partim_datacentral_20260425/partim/J1431-5740.par,data/MPTA_4p5yr/partim_datacentral_20260425/partim/J1431-5740.tim,
MPTA,J1435-6100,J1435-6100,J1435-6100,data/MPTA_4p5yr/partim_datacentral_20260425/partim/J1435-6100.par,data/MPTA_4p5yr/partim_datacentral_20260425/partim/J1435-6100.tim,
MPTA,J1446-4701,J1446-4701,J1446-4701,data/MPTA_4p5yr/partim_datacentral_20260425/partim/J1446-4701.par,data/MPTA_4p5yr/partim_datacentral_20260425/partim/J1446-4701.tim,
MPTA,J1455-3330,J1455-3330,J1455-3330,data/MPTA_4p5yr/partim_datacentral_20260425/partim/J1455-3330.par,data/MPTA_4p5yr/partim_datacentral_20260425/partim/J1455-3330.tim,
MPTA,J1514-4946,J1514-4946,J1514-4946,data/MPTA_4p5yr/partim_datacentral_20260425/partim/J1514-4946.par,data/MPTA_4p5yr/partim_datacentral_20260425/partim/J1514-4946.tim,
MPTA,J1525-5545,J1525-5545,J1525-5545,data/MPTA_4p5yr/partim_datacentral_20260425/partim/J1525-5545.par,data/MPTA_4p5yr/partim_datacentral_20260425/partim/J1525-5545.tim,
MPTA,J1543-5149,J1543-5149,J1543-5149,data/MPTA_4p5yr/partim_datacentral_20260425/partim/J1543-5149.par,data/MPTA_4p5yr/partim_datacentral_20260425/partim/J1543-5149.tim,
MPTA,J1545-4550,J1545-4550,J1545-4550,data/MPTA_4p5yr/partim_datacentral_20260425/partim/J1545-4550.par,data/MPTA_4p5yr/partim_datacentral_20260425/partim/J1545-4550.tim,
MPTA,J1547-5709,J1547-5709,J1547-5709,data/MPTA_4p5yr/partim_datacentral_20260425/partim/J1547-5709.par,data/MPTA_4p5yr/partim_datacentral_20260425/partim/J1547-5709.tim,
MPTA,J1600-3053,J1600-3053,J1600-3053,data/MPTA_4p5yr/partim_datacentral_20260425/partim/J1600-3053.par,data/MPTA_4p5yr/partim_datacentral_20260425/partim/J1600-3053.tim,
MPTA,J1603-7202,J1603-7202,J1603-7202,data/MPTA_4p5yr/partim_datacentral_20260425/partim/J1603-7202.par,data/MPTA_4p5yr/partim_datacentral_20260425/partim/J1603-7202.tim,
MPTA,J1614-2230,J1614-2230,J1614-2230,data/MPTA_4p5yr/partim_datacentral_20260425/partim/J1614-2230.par,data/MPTA_4p5yr/partim_datacentral_20260425/partim/J1614-2230.tim,
MPTA,J1629-6902,J1629-6902,J1629-6902,data/MPTA_4p5yr/partim_datacentral_20260425/partim/J1629-6902.par,data/MPTA_4p5yr/partim_datacentral_20260425/partim/J1629-6902.tim,
MPTA,J1643-1224,J1643-1224,J1643-1224,data/MPTA_4p5yr/partim_datacentral_20260425/partim/J1643-1224.par,data/MPTA_4p5yr/partim_datacentral_20260425/partim/J1643-1224.tim,
MPTA,J1652-4838,J1652-4838,J1652-4838,data/MPTA_4p5yr/partim_datacentral_20260425/partim/J1652-4838.par,data/MPTA_4p5yr/partim_datacentral_20260425/partim/J1652-4838.tim,
MPTA,J1653-2054,J1653-2054,J1653-2054,data/MPTA_4p5yr/partim_datacentral_20260425/partim/J1653-2054.par,data/MPTA_4p5yr/partim_datacentral_20260425/partim/J1653-2054.tim,
MPTA,J1658-5324,J1658-5324,J1658-5324,data/MPTA_4p5yr/partim_datacentral_20260425/partim/J1658-5324.par,data/MPTA_4p5yr/partim_datacentral_20260425/partim/J1658-5324.tim,
MPTA,J1708-3506,J1708-3506,J1708-3506,data/MPTA_4p5yr/partim_datacentral_20260425/partim/J1708-3506.par,data/MPTA_4p5yr/partim_datacentral_20260425/partim/J1708-3506.tim,
MPTA,J1713+0747,J1713+0747,J1713+0747,data/MPTA_4p5yr/partim_datacentral_20260425/partim/J1713+0747.par,data/MPTA_4p5yr/partim_datacentral_20260425/partim/J1713+0747.tim,
MPTA,J1719-1438,J1719-1438,J1719-1438,data/MPTA_4p5yr/partim_datacentral_20260425/partim/J1719-1438.par,data/MPTA_4p5yr/partim_datacentral_20260425/partim/J1719-1438.tim,
MPTA,J1721-2457,J1721-2457,J1721-2457,data/MPTA_4p5yr/partim_datacentral_20260425/partim/J1721-2457.par,data/MPTA_4p5yr/partim_datacentral_20260425/partim/J1721-2457.tim,
MPTA,J1730-2304,J1730-2304,J1730-2304,data/MPTA_4p5yr/partim_datacentral_20260425/partim/J1730-2304.par,data/MPTA_4p5yr/partim_datacentral_20260425/partim/J1730-2304.tim,
MPTA,J1732-5049,J1732-5049,J1732-5049,data/MPTA_4p5yr/partim_datacentral_20260425/partim/J1732-5049.par,data/MPTA_4p5yr/partim_datacentral_20260425/partim/J1732-5049.tim,
MPTA,J1737-0811,J1737-0811,J1737-0811,data/MPTA_4p5yr/partim_datacentral_20260425/partim/J1737-0811.par,data/MPTA_4p5yr/partim_datacentral_20260425/partim/J1737-0811.tim,
MPTA,J1744-1134,J1744-1134,J1744-1134,data/MPTA_4p5yr/partim_datacentral_20260425/partim/J1744-1134.par,data/MPTA_4p5yr/partim_datacentral_20260425/partim/J1744-1134.tim,
MPTA,J1747-4036,J1747-4036,J1747-4036,data/MPTA_4p5yr/partim_datacentral_20260425/partim/J1747-4036.par,data/MPTA_4p5yr/partim_datacentral_20260425/partim/J1747-4036.tim,
MPTA,J1751-2857,J1751-2857,J1751-2857,data/MPTA_4p5yr/partim_datacentral_20260425/partim/J1751-2857.par,data/MPTA_4p5yr/partim_datacentral_20260425/partim/J1751-2857.tim,
MPTA,J1757-5322,J1757-5322,J1757-5322,data/MPTA_4p5yr/partim_datacentral_20260425/partim/J1757-5322.par,data/MPTA_4p5yr/partim_datacentral_20260425/partim/J1757-5322.tim,
MPTA,J1801-1417,J1801-1417,J1801-1417,data/MPTA_4p5yr/partim_datacentral_20260425/partim/J1801-1417.par,data/MPTA_4p5yr/partim_datacentral_20260425/partim/J1801-1417.tim,
MPTA,J1802-2124,J1802-2124,J1802-2124,data/MPTA_4p5yr/partim_datacentral_20260425/partim/J1802-2124.par,data/MPTA_4p5yr/partim_datacentral_20260425/partim/J1802-2124.tim,
MPTA,J1804-2717,J1804-2717,J1804-2717,data/MPTA_4p5yr/partim_datacentral_20260425/partim/J1804-2717.par,data/MPTA_4p5yr/partim_datacentral_20260425/partim/J1804-2717.tim,
MPTA,J1804-2858,J1804-2858,J1804-2858,data/MPTA_4p5yr/partim_datacentral_20260425/partim/J1804-2858.par,data/MPTA_4p5yr/partim_datacentral_20260425/partim/J1804-2858.tim,
MPTA,J1811-2405,J1811-2405,J1811-2405,data/MPTA_4p5yr/partim_datacentral_20260425/partim/J1811-2405.par,data/MPTA_4p5yr/partim_datacentral_20260425/partim/J1811-2405.tim,
MPTA,J1825-0319,J1825-0319,J1825-0319,data/MPTA_4p5yr/partim_datacentral_20260425/partim/J1825-0319.par,data/MPTA_4p5yr/partim_datacentral_20260425/partim/J1825-0319.tim,ValueError: Companion mass M2 cannot be negative (-0.4480919945782576 solMass)
MPTA,J1832-0836,J1832-0836,J1832-0836,data/MPTA_4p5yr/partim_datacentral_20260425/partim/J1832-0836.par,data/MPTA_4p5yr/partim_datacentral_20260425/partim/J1832-0836.tim,
MPTA,J1843-1113,J1843-1113,J1843-1113,data/MPTA_4p5yr/partim_datacentral_20260425/partim/J1843-1113.par,data/MPTA_4p5yr/partim_datacentral_20260425/partim/J1843-1113.tim,
MPTA,J1843-1448,J1843-1448,J1843-1448,data/MPTA_4p5yr/partim_datacentral_20260425/partim/J1843-1448.par,data/MPTA_4p5yr/partim_datacentral_20260425/partim/J1843-1448.tim,
MPTA,J1902-5105,J1902-5105,J1902-5105,data/MPTA_4p5yr/partim_datacentral_20260425/partim/J1902-5105.par,data/MPTA_4p5yr/partim_datacentral_20260425/partim/J1902-5105.tim,
MPTA,J1903-7051,J1903-7051,J1903-7051,data/MPTA_4p5yr/partim_datacentral_20260425/partim/J1903-7051.par,data/MPTA_4p5yr/partim_datacentral_20260425/partim/J1903-7051.tim,
MPTA,J1909-3744,J1909-3744,J1909-3744,data/MPTA_4p5yr/partim_datacentral_20260425/partim/J1909-3744.par,data/MPTA_4p5yr/partim_datacentral_20260425/partim/J1909-3744.tim,
MPTA,J1911-1114,J1911-1114,J1911-1114,data/MPTA_4p5yr/partim_datacentral_20260425/partim/J1911-1114.par,data/MPTA_4p5yr/partim_datacentral_20260425/partim/J1911-1114.tim,
MPTA,J1918-0642,J1918-0642,J1918-0642,data/MPTA_4p5yr/partim_datacentral_20260425/partim/J1918-0642.par,data/MPTA_4p5yr/partim_datacentral_20260425/partim/J1918-0642.tim,
MPTA,J1933-6211,J1933-6211,J1933-6211,data/MPTA_4p5yr/partim_datacentral_20260425/partim/J1933-6211.par,data/MPTA_4p5yr/partim_datacentral_20260425/partim/J1933-6211.tim,
MPTA,J1946-5403,J1946-5403,J1946-5403,data/MPTA_4p5yr/partim_datacentral_20260425/partim/J1946-5403.par,data/MPTA_4p5yr/partim_datacentral_20260425/partim/J1946-5403.tim,
MPTA,J2010-1323,J2010-1323,J2010-1323,data/MPTA_4p5yr/partim_datacentral_20260425/partim/J2010-1323.par,data/MPTA_4p5yr/partim_datacentral_20260425/partim/J2010-1323.tim,
MPTA,J2039-3616,J2039-3616,J2039-3616,data/MPTA_4p5yr/partim_datacentral_20260425/partim/J2039-3616.par,data/MPTA_4p5yr/partim_datacentral_20260425/partim/J2039-3616.tim,
MPTA,J2124-3358,J2124-3358,J2124-3358,data/MPTA_4p5yr/partim_datacentral_20260425/partim/J2124-3358.par,data/MPTA_4p5yr/partim_datacentral_20260425/partim/J2124-3358.tim,
MPTA,J2129-5721,J2129-5721,J2129-5721,data/MPTA_4p5yr/partim_datacentral_20260425/partim/J2129-5721.par,data/MPTA_4p5yr/partim_datacentral_20260425/partim/J2129-5721.tim,
MPTA,J2145-0750,J2145-0750,J2145-0750,data/MPTA_4p5yr/partim_datacentral_20260425/partim/J2145-0750.par,data/MPTA_4p5yr/partim_datacentral_20260425/partim/J2145-0750.tim,
MPTA,J2150-0326,J2150-0326,J2150-0326,data/MPTA_4p5yr/partim_datacentral_20260425/partim/J2150-0326.par,data/MPTA_4p5yr/partim_datacentral_20260425/partim/J2150-0326.tim,
MPTA,J2222-0137,J2222-0137,J2222-0137,data/MPTA_4p5yr/partim_datacentral_20260425/partim/J2222-0137.par,data/MPTA_4p5yr/partim_datacentral_20260425/partim/J2222-0137.tim,
MPTA,J2229+2643,J2229+2643,J2229+2643,data/MPTA_4p5yr/partim_datacentral_20260425/partim/J2229+2643.par,data/MPTA_4p5yr/partim_datacentral_20260425/partim/J2229+2643.tim,
MPTA,J2234+0944,J2234+0944,J2234+0944,data/MPTA_4p5yr/partim_datacentral_20260425/partim/J2234+0944.par,data/MPTA_4p5yr/partim_datacentral_20260425/partim/J2234+0944.tim,
MPTA,J2236-5527,J2236-5527,J2236-5527,data/MPTA_4p5yr/partim_datacentral_20260425/partim/J2236-5527.par,data/MPTA_4p5yr/partim_datacentral_20260425/partim/J2236-5527.tim,
MPTA,J2241-5236,J2241-5236,J2241-5236,data/MPTA_4p5yr/partim_datacentral_20260425/partim/J2241-5236.par,data/MPTA_4p5yr/partim_datacentral_20260425/partim/J2241-5236.tim,
MPTA,J2317+1439,J2317+1439,J2317+1439,data/MPTA_4p5yr/partim_datacentral_20260425/partim/J2317+1439.par,data/MPTA_4p5yr/partim_datacentral_20260425/partim/J2317+1439.tim,
MPTA,J2322+2057,J2322+2057,J2322+2057,data/MPTA_4p5yr/partim_datacentral_20260425/partim/J2322+2057.par,data/MPTA_4p5yr/partim_datacentral_20260425/partim/J2322+2057.tim,
MPTA,J2322-2650,J2322-2650,J2322-2650,data/MPTA_4p5yr/partim_datacentral_20260425/partim/J2322-2650.par,data/MPTA_4p5yr/partim_datacentral_20260425/partim/J2322-2650.tim,
InPTA_NB,J0437-4715_NB,J0437-4715,J0437-4715,data/InPTA_DR1/InPTA.DR1/J0437-4715/J0437-4715.NB.par,data/InPTA_DR1/InPTA.DR1/J0437-4715/J0437-4715.NB.tim,
InPTA_NB,J0613-0200_NB,J0613-0200,J0613-0200,data/InPTA_DR1/InPTA.DR1/J0613-0200/J0613-0200.NB.par,data/InPTA_DR1/InPTA.DR1/J0613-0200/J0613-0200.NB.tim,
InPTA_NB,J0751+1807_NB,J0751+1807,J0751+1807,data/InPTA_DR1/InPTA.DR1/J0751+1807/J0751+1807.NB.par,data/InPTA_DR1/InPTA.DR1/J0751+1807/J0751+1807.NB.tim,
InPTA_NB,J1012+5307_NB,J1012+5307,J1012+5307,data/InPTA_DR1/InPTA.DR1/J1012+5307/J1012+5307.NB.par,data/InPTA_DR1/InPTA.DR1/J1012+5307/J1012+5307.NB.tim,
InPTA_NB,J1022+1001_NB,J1022+1001,J1022+1001,data/InPTA_DR1/InPTA.DR1/J1022+1001/J1022+1001.NB.par,data/InPTA_DR1/InPTA.DR1/J1022+1001/J1022+1001.NB.tim,
InPTA_NB,J1600-3053_NB,J1600-3053,J1600-3053,data/InPTA_DR1/InPTA.DR1/J1600-3053/J1600-3053.NB.par,data/InPTA_DR1/InPTA.DR1/J1600-3053/J1600-3053.NB.tim,
InPTA_NB,J1643-1224_NB,J1643-1224,J1643-1224,data/InPTA_DR1/InPTA.DR1/J1643-1224/J1643-1224.NB.par,data/InPTA_DR1/InPTA.DR1/J1643-1224/J1643-1224.NB.tim,
InPTA_NB,J1713+0747_NB,J1713+0747,J1713+0747,data/InPTA_DR1/InPTA.DR1/J1713+0747/J1713+0747.NB.par,data/InPTA_DR1/InPTA.DR1/J1713+0747/J1713+0747.NB.tim,
InPTA_NB,J1744-1134_NB,J1744-1134,J1744-1134,data/InPTA_DR1/InPTA.DR1/J1744-1134/J1744-1134.NB.par,data/InPTA_DR1/InPTA.DR1/J1744-1134/J1744-1134.NB.tim,
InPTA_NB,J1857+0943_NB,J1857+0943,J1857+0943,data/InPTA_DR1/InPTA.DR1/J1857+0943/J1857+0943.NB.par,data/InPTA_DR1/InPTA.DR1/J1857+0943/J1857+0943.NB.tim,
InPTA_NB,J1909-3744_NB,J1909-3744,J1909-3744,data/InPTA_DR1/InPTA.DR1/J1909-3744/J1909-3744.NB.par,data/InPTA_DR1/InPTA.DR1/J1909-3744/J1909-3744.NB.tim,
InPTA_NB,J1939+2134_NB,J1939+2134,J1939+2134,data/InPTA_DR1/InPTA.DR1/J1939+2134/J1939+2134.NB.par,data/InPTA_DR1/InPTA.DR1/J1939+2134/J1939+2134.NB.tim,
InPTA_NB,J2124-3358_NB,J2124-3358,J2124-3358,data/InPTA_DR1/InPTA.DR1/J2124-3358/J2124-3358.NB.par,data/InPTA_DR1/InPTA.DR1/J2124-3358/J2124-3358.NB.tim,
InPTA_NB,J2145-0750_NB,J2145-0750,J2145-0750,data/InPTA_DR1/InPTA.DR1/J2145-0750/J2145-0750.NB.par,data/InPTA_DR1/InPTA.DR1/J2145-0750/J2145-0750.NB.tim,
